post,tags
I  have received a message that I have won a lottery,lottery scam
I got an email that I won a lottery is it a scam?,lottery scam
 I got a  call from unknown number and have won a prize in a lottery ,lottery scam
I have deposited money to get the lottery money,lottery scam
how can I report lottery fraud,lottery scam
how can I file FIR for lottery fraud,lottery scam
"I have transferred money to claim prize money  , how can I get it back?",lottery scam
how to make a complaint for online lottery fraud,lottery scam
I have paid processing charges for lottery how can I get it back,lottery scam
I have paid transfer charges for lottery how can I get it back,lottery scam
"my facebook id is hacked , what can I do",social media crimes
I got a message saying I won a prize,lottery scam
I got a notification that I have won a lottery prize ,lottery scam
is lottery a scam,lottery scam
is lottery legal in india,lottery scam
what do the scammers want,lottery scam
I got a message saying I won a prize/ did I win?,lottery scam
can I report a lottery fraud,lottery scam
I paid money for lottery can I get it back?,lottery scam
can I get compensation for lottery scam,lottery scam
why do I have to pay taxes to get lottery money,lottery scam
"I was asked to pay money to get lottery , should I pay",lottery scam
is online lottery a fraud,lottery scam
is anything In the winning notification letter true,lottery scam
how to identify lottery scam letter,lottery scam
how do I get to know if I have actually won a lottery,lottery scam
I have played a lottery online how do I know this isnt form them?,lottery scam
the lottery claims that it is registered is it true?,lottery scam
can I go to police station to file a lottery scam,lottery scam
can I go to police station to file a lottery fraud,lottery scam
I got a message on my phone that my loan has been approved,loan fraud
"my facebook is hacked, how can I report it",social media crimes
how to report a job scam,job scam
can I file a suit if my account is hacked,social media crimes
what to do if my account has been hacked,social media crimes
I received an email that my loan has been approved,loan fraud
I have received a loan offer with no interest is it legitimate,loan fraud
I was informed that my loan is approved,loan fraud
I had to pay file charges to get the loan money is it valid,loan fraud
I paid refundable security amount for to get the loan money,loan fraud
I had to pay money to get the loan amount,loan fraud
I paid processing fees to get the loan amount,loan fraud
I was asked to provide some documents,loan fraud
I have submitted some documents like ID proof and PAN NUMBER etc is it a threat,loan fraud
how to file a complaint for loan fraud ,loan fraud
,
,
,
,
where do I report a loan scam,loan fraud
can I file a complaint for loan fraqud,loan fraud
where can I file a complaint fo r online loan fraud,loan fraud
how to report a loan scam,loan fraud
how can my loan be approved when I have not applied for it. Is it a fraud or a scam?,loan fraud
how to identify loan fraud,loan fraud
how to avaid loan scam,loan fraud
how to report a job scam,job scam
I got a message that I have got a job is it valid?,job scam
how to identify job scam,job scam
how to identify job fraud,job scam
signs for a job scam,job scam
,
how can I file a report against job fraud,job scam
can I report a job related scam,job scam
I have been asked to deposit money to get a job .is it valid?,job scam
I paid money in relation to the job offer,job scam
money was  demanded to get a job is it a fraud?,job scam
I got a message saying that I got placed ,job scam
,
,
,
I got an email regarding a job,job scam
money was demanded to get the job offer ,job scam
I paid money for job can I get it back?,job scam
do I have to pay to get a job,job scam
do real companies recruit by sending an email,job scam
what is a job scam,job scam
do I have to pay advance money to get a job,job scam
can I get a job online ,job scam
should I pay money to get a job?,job scam
can I report a job fraud in india,job scam
how to avoid job related scam,job scam
how can I avoid job fraud,job scam
I got a mail requesting for my personal information what is it,phishing
,
,
how do I know whether a job offer is genuine or not?,job scam
how can I report a job fraud,job scam
what documents should I take for filing a complaint against job fraud,job scam
should I take any documents to file a report for job scam,job scam
"I got an offer letter through a mail,Is it legitimate?",job scam
"I received an offer letter through a phone call, is it a scam?",job scam
"I got an offer letter for job through a message / whatsapp , is it a scam?",job scam
is work from home a fraud?,job scam
what is phishing?,phishing
is phishing done only through mail?,phishing
how do I avoid becoming a victim of phishing scam,phishing
how can I avoid phishing,phishing
what are the precautions to be taken to avoid phishing,phishing
,
,
,
how can I save myself from phishing,phishing
how do I protect myself from email fraud,phishing
how do I report phishing ,phishing
how can I report phishing fraud,phishing
"I got an email asking for my personal information ,is it a phishing scam?",phishing
"asking for username ,password or credit card and debit card information id phishing?",phishing
"requesting for username , password or credit card and debit card or other personal information is phishing?",phishing
can phishing be done through calls?,phishing
what is phishing through call called ?,phishing
can phishing be done through SMS or message?,phishing
"I have shared my personal email account ,bank account and other accounts is it a fraud?",phishing
I shared my bank account details what fraud is it?,phishing
i shared my credit card information is it a fraud?,phishing
I shared my bank details is it a scam?,phishing
I got a call asking for my bank account details immediately money was deducted,phishing
,
,
,
,
what is vishing,phishing
what is smishing,phishing
what is the difference between spam and phishing,phishing
what kind of information should I protect,phishing
what information should be protected from fraudsters,phishing
does phishing only occur via email,phishing
how common is phishing,phishing
how phishing attacks are carried out,phishing
which is a way to protect against phishing attacks,phishing
what to look for in a phishing email,phishing
how to recognise phishing,phishing
i was asked to give my credit card number is is a fraud?,phishing
i was asked to give my social security number ,phishing
I was asked to give my bank account number and password,phishing
I was asked to click on a link and provide my personal information,phishing
I was asked to verify my identity,phishing
i was asked to update my account information,phishing
how to recognise phishing website,phishing
what to look for in a phishing website,phishing
,
,
,
,
how do I report a suspected phish online ,phishing
how to detect phishing attack,phishing
who sends phishing messages,phishing
how did theyget my email address,phishing
how did they get my contact information,phishing
which is a way to protect against phishing attacks,phishing
who is vulnerable to phishing?,phishing
how do I file a complaint ,phishing
how to file a complaint against phishing,phishing
what are the types of phishing,phishing
what are the examples of phishing,phishing
what is the meaning of phishing,phishing
what are the signs of a phishing email,phishing
how do I know if an email is real?,phishing
how to recover from a phishing attack,phishing
what is phishing an email spoofing,phishing
what is the difference between phishing and spoofing,phishing
how does phishing happen,phishing
,
,
how do I report a fake profile on facebook?,social media crimes
,
is phishing a crime,phishing
how common is phishing,phishing
how common are phishing attacks,phishing
,
what to do if I shared personal information with someone,phishing
how to make a complaint for fake calls?,phishing
somebody has made fake profile in my name on facebook. What can I do?,social media crimes
,
how can I block a fake profile on facebook?,social media crimes
how to block a person on facebook,social media crimes
somebody is using my facebook account,social media crimes
,
,
,
"somebody called me from my bank requesting for my personal information i.e cvv number, password etc, am I a victim of phishing?",phishing
my facebook is hacked how can I block it,social media crimes
my facebook account has been hacked,social media crimes
,
can I file a report if my facebook account is hacked,social media crimes
can i file a case if my account is hacked?,social media crimes
,
what is the remedy if my account is hacked,social media crimes
what can I do if my account is hacked,social media crimes
what should I do if my account is hacked,social media crimes
,
what to do if my account is hacked,social media crimes
what should I do,social media crimes
,
,
,
,
,
,
,
,
,
,
,
,
,
,
,
,
,
,
,
,
,
,
,
,
,
,
,
,
,
,
,
,
,
,
,
,
,
,
,
,
,
,
,
,
,
,
,
,
,
,
,
,
,
,
,
,
,
,
,
,
,
,
,
,
,
,
,
,
,
,
,
,
,
,
,
,
,
,
,
,
,
,
,
,
,
,
,
,
,
,
,
,
,
,
,
,
,
,
,
,
,
,
,
,
,
,
,
,
,
,
,
,
,
,
,
,
,
,
,
,
,
,
,
,
,
,
,
,
,
,
,
,
,
,
,
,
,
,
,
,
,
,
,
,
,
,
,
,
,
,
,
,
,
,
,
,
,
,
,
,
,
,
,
,
,
,
,
,
,
,
,
,
,
,
,
,
,
,
,
,
,
,
,
,
,
,
,
,
,
,
,
,
,
,
,
,
,
,
,
,
,
,
,
,
,
,
,
,
,
,
,
,
,
,
,
,
,
,
,
,
,
,
,
,
,
,
,
,
,
,
,
,
,
,
,
,
,
,
,
,
,
,
,
,
,
,
,
,
,
,
,
,
,
,
,
,
,
,
,
,
,
,
,
,
,
,
,
,
,
,
,
,
,
,
,
,
,
,
,
,
,
,
,
,
,
,
,
,
,
,
,
,
,
,
,
,
,
,
,
,
,
,
,
,
,
,
,
,
,
,
,
,
,
,
,
,
,
,
,
,
,
,
,
,
,
,
,
,
,
,
,
,
,
,
,
,
,
,
,
,
,
,
,
,
,
,
,
,
,
,
,
,
,
,
  ,
